id,session,lh-bankssts,lh-caudalanteriorcingulate,lh-caudalmiddlefrontal,lh-cuneus,lh-entorhinal,lh-fusiform,lh-inferiorparietal,lh-inferiortemporal,lh-isthmuscingulate,lh-lateraloccipital,lh-lateralorbitofrontal,lh-lingual,lh-medialorbitofrontal,lh-middletemporal,lh-parahippocampal,lh-paracentral,lh-parsopercularis,lh-parsorbitalis,lh-parstriangularis,lh-pericalcarine,lh-postcentral,lh-posteriorcingulate,lh-precentral,lh-precuneus,lh-rostralanteriorcingulate,lh-rostralmiddlefrontal,lh-superiorfrontal,lh-superiorparietal,lh-superiortemporal,lh-supramarginal,lh-frontalpole,lh-temporalpole,lh-transversetemporal,lh-insula,rh-bankssts,rh-caudalanteriorcingulate,rh-caudalmiddlefrontal,rh-cuneus,rh-entorhinal,rh-fusiform,rh-inferiorparietal,rh-inferiortemporal,rh-isthmuscingulate,rh-lateraloccipital,rh-lateralorbitofrontal,rh-lingual,rh-medialorbitofrontal,rh-middletemporal,rh-parahippocampal,rh-paracentral,rh-parsopercularis,rh-parsorbitalis,rh-parstriangularis,rh-pericalcarine,rh-postcentral,rh-posteriorcingulate,rh-precentral,rh-precuneus,rh-rostralanteriorcingulate,rh-rostralmiddlefrontal,rh-superiorfrontal,rh-superiorparietal,rh-superiortemporal,rh-supramarginal,rh-frontalpole,rh-temporalpole,rh-transversetemporal,rh-insula,cortex
PH_001,F0,533.4,665.4,456,459.2,419.9,422.2,453.7,493.9,736.6,377.7,419,580.2,563.3,548.9,441.7,525.2,535.5,505.1,544.8,523.8,441.9,710.6,471.9,618,634.6,540.8,509,390,571.4,536.5,456.4,490.8,489.5,449.5,574,756.8,401.5,418.7,360.9,367.1,424.4,475.6,667.1,368.7,363.8,474.4,570.7,515.9,335.7,483.5,511.1,478.1,473.3,442,367.1,685.6,408.6,544.8,663.2,448,478.5,354.8,536.7,461.6,472.2,471.3,527,445.3,476.7259519
PH_001,F1,568.3,721.9,549.2,598,439.9,408.1,561.7,519.5,755.4,457.2,440.6,634.3,651,589.2,428.9,524.5,543.5,522.5,527.2,583,481.1,687.3,514.2,718.4,687.7,531.8,529.3,463.1,567.2,559.5,636.3,494.5,545.5,483.8,610.5,756.9,469.3,543.6,395.5,382.1,533.4,527.5,715.2,466.6,400,535.9,657.6,564.2,377.3,467.3,577,535.8,475,497.5,435.9,660.1,454.8,609.5,681,484.6,472.1,441.3,564.2,477.6,656.1,482,544.8,468.7,518.8741653
PH_001,F2,531.5,658.7,484.1,526.2,363.4,358.8,499.1,493.6,711.6,401.4,401.9,567.1,582,547.3,415.9,492.9,520.2,513.5,499.3,527.9,440.2,670,459.5,646.7,597.3,481.1,463,404.7,538.5,507.8,572.8,491.1,466.9,435.9,554.7,682.5,439.8,482,362.1,356.8,477.9,512.1,669.1,433.4,391,484.1,558.5,544,363.4,467.8,553.9,502.2,427.1,460.5,370.7,650.6,413.1,534.8,583.9,428.9,408.2,378.9,535.1,426.9,582.7,508.4,470.8,456.1,472.2192123
PH_002,F0,769.4,906.5,654.4,661.5,462.6,444.4,607,636.1,806.5,508.7,583.2,609.4,679,680,508,597.3,756.2,704,673.7,589.1,521.6,883.1,636.2,698.6,704,664.6,601,465.6,745.4,623,772.7,665,727.2,663.3,891.6,1052,557.3,612.5,532.6,451.8,708,700,745.8,641,555,544.9,826.8,786.7,474.3,594.8,692.8,524.8,575.4,553.5,502.9,886.3,573.6,610.7,893.8,487.8,603.3,457.1,808.2,616,734.6,715.1,702.5,695.3,627.2421378
PH_002,F1,733.5,870,671.1,740.4,480,485.3,592.4,613.3,771,594.9,580,688.9,661,685.8,536.5,644.1,735,690.3,634.5,689.4,579.6,810.5,694,728.4,679.3,668.4,612.1,475.5,732.1,586.4,756.7,688.4,777.3,664.2,789.7,1011,596,665.9,552.5,475.4,665.7,645.5,776.6,655.1,487.9,631.5,804.5,743.8,528,689.3,703.4,533.7,559.1,654.9,615.3,869.8,637.6,615.7,921,539.4,621.9,493.7,795.6,623.2,795.5,641.2,755.8,678,639.8983461
PH_002,F2,677.9,874.9,635.2,772.3,514,497.9,591.6,591.2,799.2,666.1,573.7,744.7,674.9,653.9,517.3,707.4,740.3,721.6,663.6,734.2,569.9,852.1,656.9,733.8,682.2,647.5,593.5,496.6,692.5,527.4,781.6,665.9,708.9,637.1,728.8,979.7,567.5,730.9,594,522.7,662.1,657.2,726.5,739.3,489.4,679.8,804,694.8,559.8,723.9,685.8,539,563.2,725.6,590.8,857.3,617.9,637.3,898.1,530.7,591.7,524,750.7,574.7,783.7,651.5,732.5,696.7,637.1229002
PH_003,F0,522.3,688.3,506.8,574,346.7,391.8,487.5,507,651.9,480.4,462.8,567.1,509.6,501.6,427.5,444.3,561.2,540,487.8,563.3,463,604.5,495.3,602.2,645.1,497,466.6,515.4,537.8,475.2,428.8,476.3,526.2,531,608.5,777.2,415,549.1,362.1,373.1,541.9,484,623.4,523.1,399.9,539.4,621.7,536.6,443.9,460.8,561.1,464.7,487.8,514.3,449.1,655.4,449.2,545.4,786.3,424.1,417.9,462.3,562.3,490.6,424,475.3,550.6,475.7,495.8286555
PH_003,F1,394.8,568.7,381.9,456.1,290.9,309.6,369.8,399.4,522,367.8,361.6,457.3,436.8,408.9,374.2,378,439.6,437,400.5,432.3,358.4,472.8,408.5,475.3,509.9,424.2,379.1,376.2,431.4,345.7,389.8,375.4,399.1,410.1,496.2,613.2,330.1,429.2,304.9,302.3,458,420.8,525.8,427.2,334.8,436.9,502.3,463.7,386.1,361.6,459.6,382.4,398.8,424.1,381.4,522.9,395.5,451.6,605.5,339.9,342.9,337.5,476.3,385.6,391,458.3,441.3,377.3,401.0724896
PH_004,F0,433.2,645.2,440.3,451.3,375.8,299.6,398.1,419.8,657.9,349.2,411.5,481.3,513.1,510,434.5,428.8,549.4,500,511.9,500.2,366.9,588.1,402.6,526.9,590.8,456.8,410.9,283.1,479.6,420.5,440.4,500.9,437.1,436,523.1,672.4,429.1,437.9,340.8,273.3,501.3,513.2,554.7,402.6,419.8,359.9,523.2,524.8,387.3,415.6,519.5,541.2,526.4,401.7,357.7,589,394,451.6,679.8,377.9,382.4,318.7,531.9,454.6,402.7,457.2,454.6,488.7,433.6888462
PH_004,F1,548.2,697.8,487.2,539.3,400.6,367.3,494.7,508,737,462.1,467.9,576.2,541.7,586.7,597.4,546.4,592,560.6,557.5,609.4,430.7,721.6,461.8,637.2,622.1,531.8,448.9,373.6,535.3,505.3,489,495,508.9,514.4,595.7,689.6,456.3,529.8,365.9,330.4,569.9,554.6,620.4,475.6,430.3,424.7,552.2,538.5,429.8,495.8,521.7,516,484.8,487.4,402.7,641.5,431.9,544.6,686.8,358.3,397.4,385.3,546.4,500.2,426.4,446.9,535.8,547,489.1986176
PH_004,F2,441.7,547.4,416.8,462.1,314.9,309.9,436.4,410.6,592.9,408.5,395.7,493.7,448.8,462.9,413.3,473.4,505.9,474.8,480.3,544.1,407.3,604.1,431.5,534.8,536.9,450.5,382.9,351.4,432.1,424.2,413.4,362.4,433.3,403.9,482.6,559.3,402.1,462.9,311.1,278.4,483.4,454.8,482.5,450.6,374.8,376.6,478.1,456.8,368.2,418.1,460.5,486.2,444.8,436.3,365.1,556,355.7,467.8,611.6,339.2,348.5,366.3,463.2,436.3,341.3,360,438.8,442,419.7329005
PH_005,F0,727.7,984.8,664.1,675,455.4,470.4,686.1,650.6,850.9,621.1,617.4,723.6,751,748.2,548.9,707.9,814.4,751,750.4,661.6,655.4,920.5,680.6,770.1,771.6,671,666.2,514.3,754.1,670.4,756.2,606,751.4,618.5,837.7,1009,557.9,656.7,450.4,451,753.9,723.7,688.8,702.9,581.1,618,805,742.4,533.9,573.5,797.1,614.7,629.3,555.7,598,868.6,592.9,653.9,909.1,525,624.2,527.8,768.5,652.5,727.2,669.9,760.6,698.8,661.9367399
PH_005,F1,696.2,875.7,604.1,576.5,528.7,455.6,550,589.6,807.3,494.4,545.5,657.5,670.5,668.4,480.7,634.1,706.2,689.9,664.5,580.1,568,830.7,577.8,650,721.2,591.9,611.7,428,689.2,584,676.5,561.7,746.6,599.7,756.4,882.2,529.2,503.9,354.3,349.7,664.3,657,634.2,544.3,459.4,515.4,747,697.7,421,467,763.5,572.3,564.4,450.8,569.9,778.8,527.5,518.4,908.4,479.3,562.3,419.6,729.6,639.9,632,587.6,712.1,638.2,586.8253272
PH_005,F2,692.8,951.2,592.3,652.5,461.1,470.9,624.8,622.8,842.6,606.1,532.3,726.8,697.3,707,512,719.4,747.8,702.9,697.1,654.3,621.4,914.8,642.3,723.3,724.3,617.4,618.5,496.6,723.5,605,709.8,581.2,723.6,596.7,785.3,949.3,506,624.5,478.8,425,682.4,687,648.3,666,535.5,589.4,790.6,707.3,507.3,577.4,813,617.4,640.6,550.1,604.2,835.4,568.6,589.4,867.4,518.9,557.7,491.4,742.3,629.2,633.8,673.2,749.3,681.6,626.9906839
PH_006,F0,625.5,871.1,665.5,769.3,490,488,618.5,596.9,898.2,582.8,516.5,685.8,715.5,649.7,577.9,597,688.6,663.8,692.9,719.6,554.1,825.8,589.2,740.5,737,679.2,573.5,534.3,668.5,591.3,610.3,603.3,647.1,561.7,679.6,788.6,582,668.9,488.8,443.7,623.1,668.9,701.6,654.5,484.1,596.7,764.7,692.1,487.6,626.9,676.8,665.1,632.6,565.1,515.7,806.7,575.7,597.8,783.7,569.1,615.9,490.4,693,563.6,714.9,674.5,616,581.1,612.7212757
PH_006,F1,621.4,854.7,701.6,866.2,487.1,495.9,661.4,611.4,991,647.3,498.1,745.8,699.3,667.6,544.3,613.2,726.4,693.8,742.8,786.7,548,817.3,609.8,825.9,735.3,743,600.2,571.5,652.8,592.5,627.2,563.8,582.1,551.4,678.8,791.2,641.7,768,520,475.9,691.8,679.6,818.7,748.6,549.2,668.9,782.8,711.6,569.2,594.1,696,689.2,642.1,666.4,537.1,813,624.4,694,796.9,615.5,606,563,693.8,595.6,698.8,648.2,625.7,585.5,644.0037326
PH_006,F2,766.1,979.9,763.8,1003,629.7,622.6,754.7,750.4,1004,947.9,608.5,875.7,797.8,805.2,597.9,679,827.1,793.3,793.4,933.8,666,902,709.6,909.8,851.7,746.4,654,695.4,805,671.1,714.7,754.6,761.5,725.1,842.5,998,674.8,956.5,743.5,588.2,792.6,832.1,887.2,1048,626.9,823.7,942.8,825.4,544.8,796.1,829.1,794.6,784.2,848.9,653.2,962.8,724.3,804.6,914.1,693.9,725,693.9,831.7,694.5,833.6,827.1,791.9,714.8,761.7599115
PH_007,F0,574.3,695.9,574.6,539.3,358.4,326.1,506.8,481.4,751.8,371.6,456.1,495.7,582.7,624.6,432,597.9,553.9,552.2,531.4,437.7,484.1,729.6,554.2,631,617,571.4,532.7,413.4,564.5,520.3,498,448,548.4,486.1,615.3,685.4,480.6,454.8,358.5,327,576.5,526.9,635.6,445.8,444.7,451.9,609.8,620.5,396.4,531.8,548.8,480.1,528.9,426.3,469,657.2,532.3,483.2,603.3,441.8,504.6,387.7,567.6,481.2,563.2,437.6,595,500.8,508.1751875
PH_007,F1,557.4,692.7,532.5,480.3,373.4,304.8,479.8,413.7,668.5,323.7,494,454.9,559.5,571.8,395.8,569.1,583.3,541,569.7,389,480.6,686.6,521,584.7,589.4,609.2,545.5,379.3,567.7,502.4,552,421.9,584,545.3,643.4,715,479.9,426.2,378.3,310,568.8,464,592.8,391.5,461.5,444.3,579.9,577,397.8,528,601.2,488.5,525,428.3,499.6,634.1,586.7,474.1,606.9,503.6,510.9,386.9,591.8,502.8,525.1,422.5,632.1,572.4,501.1706979
PH_007,F2,435.2,570,462.2,414.3,281.5,257.9,386.9,359.5,576.3,257.7,419,383.2,492.2,479.1,331.6,496.9,469.9,480.5,474.4,323.6,400.2,569.6,438.7,521.7,525.4,499.5,445.8,328.6,460.2,381.9,447.8,389.6,472.5,440.3,514.9,617.9,379.1,387,324.9,270.7,483.9,416.1,547.9,368.1,380.4,397,538.8,512.4,369.9,489.6,486.9,396.2,428.1,368.1,394.1,560.2,440.3,424.4,532.8,367.6,424.7,336.4,496.2,419.9,440.2,402.2,522.4,455.7,421.2914842
PH_008,F0,478.2,719.6,432.7,493.9,405.3,379.9,477.5,472.9,630.7,361.4,413.6,547.7,544.1,528.2,361.9,469,529,493.9,476,532.4,390.6,639.7,450.6,576.8,607.1,483.9,460.7,341.8,484.9,416.7,652.9,356.7,481.6,400.1,583.1,684.8,371,447.6,385.5,342.2,532.7,461,477.2,398.9,385,407.9,577.1,536.3,364.3,420.5,582.5,480,421.8,446,419.8,581.3,396.7,420.6,593.3,376.9,462.7,351.9,508.5,428,555.9,454.6,513.1,468,452.1443937
PH_008,F1,477.8,642.2,421.5,491.3,311.6,350.4,458.6,435.7,581.3,360.7,408.1,504.1,538.1,511.3,377.5,480.7,531.2,458,448.5,520.8,374.5,619.5,443.3,573.8,602.1,451.8,413.2,337.2,483.3,399.4,540.5,387.7,454.7,434.8,542,624.9,389.3,426.7,326.7,322.5,473.2,453.9,437.8,379.1,369.7,362.7,561.8,508.6,356.5,431.4,534.2,429.9,383.1,407.1,403.8,552.1,421.5,404.1,563.8,347.6,427.4,316.8,494.6,400.5,517.9,478.2,483.1,457.6,431.2179519
PH_008,F2,550.5,878.9,525.2,551,413.8,440.4,552,557.6,694.7,443.5,525,619.7,697.7,623.8,494.3,520.2,675.8,588.2,585.2,585.8,468.9,708.3,524.2,646.9,776.2,540.1,548.2,402.6,607,488.8,815.4,506.9,588.4,534.3,592.9,772.3,414.6,534.2,427.5,413.3,564.4,557.6,562.3,476.2,436.3,482.8,717.2,631.1,420.9,476,659.1,525.4,463.2,513.7,475.4,595.8,485,484.3,713.7,432.6,507.5,365,600.1,456.4,707.9,563.6,586.4,544.9,526.356786
PH_009,F0,679.3,838.7,637.2,626.3,471.4,489.1,599.2,658.8,945.1,550.1,625.1,698,786.5,695.6,580.2,577.6,693.6,719.4,664.3,722.5,527.8,818.4,576.8,770.5,766.6,712.9,609,454.4,654.3,608,785.2,605,650.2,566.4,749.8,803.5,483.9,637.2,482,454.4,682.7,654.4,769.7,639.7,570.6,657.2,897.8,731.9,579.5,568.3,666.1,648.7,601,612.9,527.2,761,541.2,631.1,780.3,575.6,490.7,469,667.2,593.5,758.5,639.8,715.3,625.5,618.9904988
PH_009,F1,591.8,794.5,529.4,485.7,460.4,396.5,429,554,721.9,353.7,503.7,581.6,657.3,641.1,564,530.6,683.6,654.3,671.1,538.6,467.9,792.4,506.1,580.7,679.2,622.3,532.2,305.4,640.5,508.6,638,563.9,592.6,545.3,719.8,835.5,452.9,483.1,379.4,371,594,584.8,651.7,458.5,467.9,546.1,749.8,679.3,521.9,530.6,604.8,609.7,590.6,483.5,523.9,769.8,519.1,517.6,716.3,519.3,487.3,386.5,644.8,572.1,666.5,563.7,643.9,588.3,540.6217794
PH_009,F2,526.7,773.3,485.4,541.5,474.4,406.7,453.8,513.3,799.2,396.8,494.3,607,723.2,607.7,550.4,488.5,603,593.2,588.8,604.9,417.2,779.5,456.5,654.8,705.8,565.9,492.5,338.8,583.9,491.3,572.8,537,556.9,481.6,674.2,709.3,404.5,511,436.3,379.2,607.9,586.5,551.6,527.9,485.6,518.6,722.4,624.9,498.8,467.3,556.9,568.7,509,481,439.9,641,441,497.4,654.8,443.7,422.3,396.7,557.8,509.2,578.1,563.6,654,579.3,516.5272049
PH_101,F0,497.3,568.5,337.4,531.5,305.2,315.8,366.2,423.5,618.4,325.7,330.1,527.2,394.3,495.8,482.8,409.5,444.5,441.8,393,440,350.8,588,376.4,532.5,449.3,334.9,342.1,286.6,457,396.7,342.6,363.8,473.7,389.1,593.7,575.8,340.7,469.2,325.3,346.4,500.1,447.4,529.2,394.9,332.3,466.9,423.2,525.7,445.5,332.7,442.3,367.9,395.1,380.7,368.2,502.9,386.8,467.6,526.1,293.8,332.3,311,489.2,473.5,342.6,389.1,508.9,439.9,402.0084646
PH_101,F1,568.8,651.4,401.5,549,373.5,364.2,433.3,482.1,631.2,346.4,417.2,555.1,505.9,581.1,457.1,502.7,515.7,512.3,460.6,487,405.2,642.8,433.6,563.3,589.7,393.4,409.2,319,542.5,458.4,372,402,572.2,433,606.2,650,359.4,472.7,316.9,356.9,537.3,483.2,493.3,460.8,386.1,457.8,522.6,539.6,397.9,414.3,482.7,455.4,441.2,396.9,384.7,560.6,405.4,482.3,606.6,348.8,362.2,330.1,490,505,379.1,352.8,560.7,444.6,446.3130832
PH_101,F2,571,636,425.1,591.6,364.1,377.5,464.6,491.6,675.5,392.9,422.3,595.5,493.4,580.1,498.4,459,567.7,540.3,502.1,508.7,400.7,635.8,435.4,600.9,554.2,455.1,417.6,333,536.8,472.9,429.7,468.8,535.5,435.6,628.7,664.7,405.4,502.8,396.5,393.2,569.5,512.5,523.6,456.7,402.9,479.3,517.5,561.7,486.5,420,530.7,452.3,478.8,420.8,421.1,579.9,463.2,500.6,597.7,364.7,381.8,371.8,536.1,535,418.6,423.8,558.8,491.7,468.649399
PH_102,F0,358.1,453.8,337.7,404.9,254.8,253.5,264.3,319.6,382.4,242.4,359.8,362.1,323.7,344.7,297.5,295.9,370.3,367,385.7,409.8,251.9,420.2,301,333.8,345.9,312.3,297,229,349,284.6,292.3,256.7,388,365.2,407.5,446,298.9,243.6,302.2,207.4,303.1,357.1,346.7,264.2,310.5,294.7,388.3,406.8,406,354.6,350.9,362.1,327.8,289.5,267.7,421.5,307.7,258,429,268.2,305.2,170.3,393.3,283.6,339.8,280.8,427.7,367.3,308.6480853
PH_102,F1,162.7,336.6,161.8,236.5,165.5,164.4,119.1,162.1,181.1,132,205.1,254.8,231.1,207.5,226.6,175.8,233,205.4,237.2,255.7,154.1,248.5,167.1,153.3,274.2,162.4,200.4,126.7,241.9,143.3,173.5,220.3,245.5,222.5,212.4,373.9,165.6,108.4,185.2,112.6,104.5,159.7,144.9,96.76,195.1,153.8,312.5,206.1,241.2,177.4,175.1,184.7,171,141.1,161.9,239,186.1,102,349.2,167.5,222.7,103,220.1,194.6,258.5,281.6,214.4,224.4,178.9210069
PH_102,F2,366.4,502.6,299.2,465,203.7,259,280.7,334,410.5,284.5,344.1,435.2,339.9,374.4,304.7,341.1,388,389.5,386.7,483.7,273.2,475,303.1,377.2,427.4,291,323.9,235.2,382.9,283.6,379.4,285.5,413.6,353.9,408.8,466.2,253,238.7,272.8,195.8,320.2,336.7,331.1,280.6,283.7,291.5,406.6,385.2,395.6,380.8,319.9,346.8,300.6,274.2,258.5,467.9,285.5,249,426.2,257.2,293,185.4,370.8,309,363.8,296.7,418.3,342.7,314.4347375
PH_103,F0,575.7,612.9,540.9,670,397,394.6,548.7,552.7,681.6,486,456.1,560.4,485.6,566.6,407.7,485.5,563.4,505.7,491.6,606.5,455.5,633.6,485.6,615.6,498.8,453.6,441.6,440.7,534.3,524.3,446,483.3,536.6,486.1,633.3,631.3,457.6,581.7,433.6,398.5,550,556.6,588.4,508.4,396.8,499.2,551.9,578.9,412.8,420.9,542.8,397.5,430.8,489.1,411.2,548.5,472.7,512.4,579.2,357.2,417.8,423.4,548.6,480.1,389.9,420.3,524.8,444.3,489.0877098
PH_103,F1,631.9,738.4,586.9,711.5,382.4,406.4,625.8,614.2,798.8,517.7,534,602,591.9,615.8,440.4,538.1,640.2,584.4,551.6,631.7,493.9,727.9,535.1,697.8,618.1,536.2,536.7,494.5,586.8,579,557,525.5,598.4,533.2,702.8,792.6,577.6,617.9,461.8,432.3,665.8,630.1,704.4,569.5,479.2,532.6,711.6,670.9,443.7,514,627.6,518.1,534.2,527.2,461.9,649.2,535.8,596.1,757,468.3,542.2,504,622,561.3,497.8,532.3,618,500.8,562.2730806
PH_103,F2,564.1,682.6,488.5,651.2,355.3,375,525.2,514,626.6,508.6,465.8,556.8,518.4,510.5,396.7,501.4,581.6,525,512,602.9,470.2,635.5,497.4,598.4,551.7,458.3,465.3,459.9,520.2,505.1,452.4,478.6,552.8,518.7,641.8,712.9,483.1,639.4,443.1,399,596.1,542.5,654.9,556.8,421.2,535.6,599.9,608.5,374.1,482.9,615.7,477,509.1,576,459.3,641.8,495.2,580.7,656.9,415.1,433.7,482,596.9,541.1,465.4,511.3,594.3,490.3,509.4554157
PH_104,F0,630.5,821.1,555.7,553,427.8,369.5,506.7,569.3,603.5,385.1,461.5,539.6,629.8,654.3,455.6,583.6,617.6,594.1,587.8,531.2,501.3,767,546.5,563.3,594,531.1,570.3,382.6,635.2,562.7,611,548.2,580.3,512.2,800,825.7,428.6,476.5,425.1,411.8,621.6,529.3,497.1,375.8,402,460,647.5,582.3,429.5,440.8,505.6,406.4,442.6,455.4,494.5,658.9,471.6,473.8,668,404.7,512.4,373,628.3,564,617.5,581.9,624.7,517.5,518.3404798
PH_104,F1,574.3,933.6,683.5,570.6,424.1,387.7,512.6,564.3,599.7,432.4,534.6,523.4,694.2,643.2,454.9,497.4,667.6,603.7,592.3,562.9,538.1,752,610.7,583.5,695.7,600.5,652.6,385.2,631.7,547.8,600.1,601.7,602.9,591.4,746.6,903.9,475.9,493.2,442.9,388.9,665.6,538.5,501.1,440.7,464.2,442.6,713.1,607,422,509.6,583.7,492.2,518.4,471,572.2,699.5,576.6,463.4,743.6,497.2,564.1,399.7,656.2,631.2,721,572.1,613.7,575.2,557.5013406
PH_104,F2,534.2,830.7,568.4,606.6,405.4,384.6,462.4,530.4,618.4,413,495.9,565.4,670.7,596.5,472.6,507.4,599.4,605.8,563.9,601.7,445,710.7,495.5,584,625.5,542.7,568.2,355.7,589.2,468.3,640.3,543.8,546.8,533.7,719.3,833,378.2,524.2,435.7,387.8,625.9,537.7,498,453,463,479.4,706.7,567.3,449.1,469.9,537,459.4,457.1,506.9,455.1,661.3,444.4,466.2,738.3,449.4,514,379,623.1,525.7,680.8,570,576.3,519.5,516.7275149
PH_105,F0,732.6,865.4,612.9,776.2,613.3,587.6,650.2,711.8,952.5,628.3,599.7,850.4,728.3,784.2,715.7,685.2,705.2,717.6,665.7,880.5,589.4,836.4,637,809.6,802.2,619.2,609.5,548,780.2,634.5,641.1,704.9,716.8,615.6,812.5,880.9,515.3,748.7,577.9,545.5,676.6,737.4,844.6,716.8,532,675.8,806,743.4,712.9,604.7,699.4,669.3,558.9,677.5,555.2,783.2,622.8,663.8,896,529.6,554.4,549.7,752.1,650.6,785.6,638.7,816.6,678.5,661.460157
PH_105,F1,625.6,760.3,539.4,680.4,455.5,488.3,578.3,589.6,798.2,577.5,555.8,744.8,642.5,657.1,588.3,612.2,653.6,656.5,614,779.1,527.6,748.4,570.6,705.8,692.2,572.4,566.6,500.4,659.7,559.8,553.5,614,660.6,594,660.1,787.6,491.2,700.4,447.1,465.2,564,593.4,736.9,626.2,497.1,630.8,694.7,618.6,573.3,572.8,624.2,612.5,527.1,654.3,496.2,716,532.5,626.3,753.4,494.5,525.4,513.7,649.8,541.2,697.9,558.6,700.2,598.4,584.8671637
PH_105,F2,670,815.7,549.4,671.3,541.5,538.7,552.9,589.6,795,563,558.7,762.8,663.1,671.9,628.3,600,671.4,687,636.1,783.1,530.9,786.5,573.2,708.1,717.2,598.3,577.6,456.3,694.9,566.4,639.7,646.3,696,590.5,704.4,849.4,450.6,686.8,482.1,476.6,555,622.9,733.4,643,524.9,647,701.7,643.8,624.7,594.3,651.5,615.8,540.5,646.1,499.7,745.3,531.3,633.2,771.7,507.9,502.9,480.8,698.8,565.3,677.3,630.4,740.4,667.3,595.3770567
PH_106,F0,516.3,828.7,401,327,335.1,311.5,264.4,362.9,703.3,219.6,554.8,400.6,681.9,593.9,632.4,592.2,647.2,583.3,573.4,330.6,430.3,779,424.5,459.3,748.4,400.8,573.1,244.4,615.2,446.6,614.9,523,604.1,568.3,550.3,693.4,346,289.9,334.9,262.8,411.4,428.6,628.5,232.2,420.8,361.1,618.8,533.6,445.3,479.3,543.7,374.3,434.2,286.9,352.8,696,371.8,389.5,688.8,328.1,383.5,212.1,576.6,497.1,504.5,417.8,545.8,562.4,438.203367
PH_106,F1,335.4,685.6,258.1,179.9,306.3,225.1,150.6,239.6,404.5,127.1,326.1,232.9,522.5,419.6,514.4,428.4,464,321.9,353.4,170.5,251.9,570,310.9,254.2,606.8,218.9,434.3,147.3,463.9,280.3,369.6,420.4,444.2,421.2,447.3,579.6,282,166.8,248.9,168.5,263.7,344.6,397.3,152.8,285.8,209.3,513.6,455.5,343.6,368.3,395.5,205.2,300.4,163.1,251.9,567.4,262.9,234.9,575.5,218.5,320.8,123.6,474.6,420.5,357,298.4,471.3,480.1,309.5159407
PH_106,F2,376.2,687.1,297.9,223.9,339.5,269.2,184.7,281.3,474.4,148.6,452.7,281.5,600.8,461.5,592.8,425.8,504.3,452.5,471.9,222.8,332.8,598.4,327.3,297.5,651.2,276.6,501.3,162.7,495.3,330.1,499.2,470.5,526.4,490.5,374.2,601.3,270.3,194.7,320,188.6,259.2,323.9,430.2,162.5,318,255.8,523.7,449.5,375.7,316.7,433.1,247.3,323.4,185.8,252.6,521.2,258,251.3,545.3,234.1,286.8,123.1,482.5,366.2,380.3,382,470.4,469.6,334.6792922
PH_107,F0,550.9,724.7,591.5,682.2,400.2,414.1,547.2,566.6,788,541.4,521.4,658.2,623.7,609.5,489.1,530.4,631.6,590.2,551.7,817.7,421.4,733.3,477.2,690.6,629.3,566.6,541.8,453,565.8,523.4,649.1,560.7,522.2,526.3,651.3,823.3,503.5,621.3,432.2,414,567.5,580.5,710.4,527.6,485.5,547.6,713.7,597.6,516.2,488,628,551.2,567.7,688.1,463.3,731.2,496.2,577.4,727.7,504.6,499.1,435.8,588.1,510.4,571.8,550.3,593.5,542.9,546.9731879
PH_107,F1,526.9,687.1,502.7,623.3,386,425.3,507.3,553,759.4,524.3,488.8,646.6,590.2,551.7,496.7,501.6,586.5,536.2,496.5,743,422.1,656.8,428.1,652.1,596.1,486.3,488.2,412.7,516,465.7,604.6,496.2,527.7,476.8,573.8,774.5,457.2,592.5,390.1,394.4,516.1,531.3,691.7,509.7,509.9,531.8,680.4,550.2,493.2,458.5,584.4,481.5,513.4,642.3,422.8,626.1,434.1,577.3,679.5,456.8,491.6,414.4,527.4,458.9,490.1,555.7,515.5,509.9,508.1249892
PH_107,F2,522.8,652.8,495,628,407.9,389.8,514.8,512.8,767.5,543.1,445.5,646.7,603.7,548.9,493.2,502,612.3,532.3,508.3,754.8,395.8,663.7,442.9,647.7,604.5,512.5,474.3,421.2,527,484.1,593.7,513,517.3,510,605,752.8,477.2,600.5,477.5,388.6,545.1,538.5,684.5,531.4,480.5,512.6,672.9,555.3,454.2,504.9,628.1,522.4,533.2,668,441.8,669.3,485.8,599.7,718.7,485.5,460,432.6,549.4,471.7,562.4,581.7,556.9,534,515.1172289
PH_108,F0,836.3,1058,754.7,935.8,647.3,602.7,787.9,815.6,1013,690.9,631.7,721.4,903.1,933.1,659.3,770.4,896.1,794.2,800.5,806.8,671.9,959.6,739.4,909.9,852.8,742.6,703.8,617.6,880.3,738.4,726.5,702.5,816.7,708.1,941.2,952.6,715.9,690.8,676.7,566.5,820.2,829.5,791.4,732.3,630.3,577.2,922.8,868,595.7,635.5,856.4,757.9,731.2,574,687.3,774.8,728.3,688.3,903.6,609.8,679.2,624.2,868.1,713.7,888,682.5,837.9,780.3,744.3075084
PH_108,F1,607.2,817.1,590.3,702.2,397.3,452.1,643.4,532.7,680.7,545.4,481.7,544.1,685.6,682.2,473.3,639.1,622.7,512.6,555.9,640.9,578.6,737.7,578.8,680.3,746.3,624.7,592.1,522.4,644.6,583.8,607.5,312.3,528.5,419,616.2,535.9,426.7,541.6,441.8,374,549.2,539.9,474,487.9,474.5,400.1,532.3,442.3,437.6,473.2,453.6,297.5,315.4,404,449.2,510.7,437.2,523.6,522.7,310,461.6,440.6,434.1,436.1,376.7,583.2,527.3,551.9,521.6931482
PH_108,F2,597,846.4,584,725,448.5,444.9,595.7,564.1,767.8,546.8,502.1,560.3,716.9,701.9,493.3,625.8,723.9,629.3,679.4,660,508.2,781.4,562.8,673.6,658.9,603.4,587.7,471.3,666.9,574.9,618.6,503.9,628.1,552.7,691.3,765.8,572.3,509.4,503.6,418.1,642.2,615,569.2,556.2,512.8,448.9,704.7,660.9,538,520.8,674.6,645,614.6,451.9,516.4,626.6,554.5,522.3,683.7,518.4,578.1,488.4,640.2,568.6,793.7,541.1,615.1,589.7,579.2387555
PH_109,F0,577,777,628.3,690.1,515.8,444.5,528.4,531,781.5,498.1,495.9,574.2,730.3,611.1,508.9,536.7,624.7,627.2,579.1,682,480.1,701.2,540.3,635.7,740.6,569.2,572.2,475.2,633.8,530.3,663.5,610.8,618.3,611,679.5,853.1,535,598.7,507.3,451.7,634,615.5,725.3,545.6,485.4,580.4,848.8,657.9,528.7,539.2,590.3,660.2,594.1,629.7,488.2,727.1,537.1,570.2,857.1,516.9,520,466.3,680.5,544.7,562.5,672,660.9,611.2,572.2104628
PH_109,F1,512.5,734,504.5,651.4,445,415.8,453.4,463.9,747,451.6,431,581.1,614.9,541.4,511.1,495.5,550.1,529.9,498.7,666,440.5,663,454.6,612.4,636.8,493.3,530.4,433.6,559.6,483.3,545.7,476.9,566.9,544.7,585.6,773.2,426.8,559,429.9,407.6,535.8,522.6,692,475.8,418.1,573.3,704.2,568,482.1,489.4,524.5,531.5,492.7,596,428.4,640.3,449.5,543.4,737.4,417.8,464.7,415.9,595,481.7,473.4,561.5,611.6,541.7,505.4071804
PH_109,F2,484.3,620.2,499.1,645.2,365.8,372,452.2,438.6,657.8,463.6,400,531.8,545.5,497.4,439.5,461.5,498,487.9,463.6,630.9,430.9,602.5,438.6,564.5,549.9,461.9,498.9,431.2,492.1,451.8,513.1,415.7,477.1,447.7,526,649.5,424.1,560.2,383.1,376.3,535.2,485,590.4,481.7,399.2,526.6,615.1,511.9,407.3,483.5,504.6,556.8,487.1,587.1,412.1,615.3,438.1,491,635.2,452.9,427.4,415.1,520.4,455.6,470,469.2,527.5,472.9,474.9419644
PH_110,F0,516.9,703.1,501.3,602.5,368.7,369.1,447.6,470.7,603.7,429.2,405.4,537.9,504.8,536,418.7,440.9,563.2,481.5,512.6,544.5,469.2,639.7,467.7,562.5,582.7,515.3,476.2,378.4,539.2,479.9,524.8,472,489.9,469,558.8,768.7,449.3,555.5,340,310.3,474.4,457.6,577.4,455.6,407.5,452.4,627.3,540.6,375.5,408.8,541.7,467.7,487.2,428.5,398.9,601.6,428.5,430.7,666.7,459.5,470.9,383.2,539.5,467.2,539,529.4,465.3,445.6,473.2634492
PH_110,F1,583.5,790.8,517.1,628.6,368.2,376.7,517.4,503.3,709.5,515.2,435,543.6,629.6,596.3,413.4,495.3,603.1,572.9,579.6,564.7,490.1,709.9,481.8,606.4,668.9,582.8,514,437.5,566.9,528.8,620.9,436.6,538.5,468,687.5,794.1,482.7,639.4,377.4,368.7,551.3,544.1,609.9,585,479.1,504.2,653.8,579.9,356.5,494.8,569.1,511.6,497.3,513.3,469.8,690.2,474.6,511.2,665.7,490.7,504.1,449.2,604.3,545.7,589.3,508.5,582.3,518,524.9224716
PH_110,F2,593,755.3,525.2,731.5,431,439,504.1,543.5,773.1,574.4,471.3,625,603.3,585.1,460.9,480.7,631.9,578.7,612.7,639.3,494.1,695.4,507.9,638.9,642,566.6,501.8,442.4,566.2,518.2,620.7,547.2,539.8,515.7,666.1,821,477,704.9,437.6,444,532,546.6,699.9,623.9,510.5,613,672.3,589.9,480,464.6,628.7,568.8,548.6,599.7,480.8,672.4,486,560,702.7,528.6,486.3,471.2,628.8,532.1,616.9,604.5,592.6,536.9,544.3808389
PH_111,F0,624.5,804.5,619.5,746.2,424.4,467.8,612.5,635,781.9,606.1,520.9,686.2,631.6,670.6,530.4,631.4,681.4,583.9,592.3,708.9,588.8,763.4,627.1,673.2,683.5,520.4,523.8,533.4,646.1,606.1,443,480.8,613.2,577.5,737.3,852.3,542.2,654,430.8,502.2,646.5,683.7,717.8,656.9,483.2,590,749.9,682.5,485.3,565.4,657.7,602.7,562.6,585.9,573.2,709.5,545,571.8,774,471.5,471,506.6,673.7,645.3,506.4,465,680.4,616.2,589.1379278
PH_111,F1,645.8,879.3,641.6,838.3,470.6,504.9,625.4,693,831.5,641.1,541.9,725,694.6,687.9,562,635.4,708.5,648.4,637,763.2,564.9,799,626.5,746.5,741.8,585.7,564.5,551.7,669.6,630.4,488.9,539.4,623.3,615.6,762.4,881.6,542.3,752.2,460.4,517.4,703.3,690.1,743.3,700.1,519.6,666,763.8,715.1,542.2,543.3,671.9,585.7,559.9,648.6,560.5,690.8,553.9,635.4,763.5,505.6,484.8,567,689.2,662.5,510.3,494.8,704.6,625,618.2607085
PH_111,F2,548.5,699.4,545.2,687,434.5,419.8,552.6,558.9,738,536,455.6,666.9,632,587.6,488.1,553.6,565.9,513.3,523.4,677.6,461.4,695.9,532.4,638.4,682.8,463.6,483.8,448.8,547,527.5,388.8,408.2,479.7,463.5,627.2,649.2,469.4,591.5,414.1,442.4,590.4,605.5,637.7,578,429.9,560.4,672.9,590.2,425.9,455.2,527.3,497,453.1,531.8,450.3,615.2,415.4,526,693.4,391.8,416.3,454.2,551.4,526.4,494.5,432.7,532.9,459.5,514.2507151
